[
  {
    "id":"혹시 축구 알려줄수 있니?",
    "name":"손흥민",
    "images":"https://i.pinimg.com/564x/88/9d/6d/889d6d94c84599e7d3f9f526fdecb1f8.jpg"
  },
  {
    "id":"나랑 축구 한 번만 하자",
    "name":"리오넬 메시",
    "images":"https://i.pinimg.com/236x/8a/63/36/8a6336af668f03b7c810b60532d051cd.jpg"
  },
  {
    "id":"축구 잘하는 비법좀 알려주라",
    "name":"홀란드",
    "images":"https://i.pinimg.com/236x/d3/7e/85/d37e85a5329615fbe3196f19f43eaa49.jpg"
  },
  {
    "id":"밥사주세요!",
    "name":"뉴진스",
    "images":"https://i.pinimg.com/236x/c0/44/db/c044db4b47057b883c37563e084e0197.jpg"
  },
  {
    "id":"Siu ~ ~ ~ ~ !",
    "name":"크리스티아누 호날두",
    "images":"https://i.pinimg.com/564x/3c/66/ad/3c66add73a13275532ac305eab3e6ede.jpg"
  },
  {
    "id":"인스타 맞팔 가능하니 ..?",
    "name":"김민재",
    "images":"https://i.pinimg.com/736x/1d/3c/a2/1d3ca2db092f477cd43ab89731123457.jpg"
  },
  {
    "id":"맨시티 올래 ?",
    "name":"데 브라이너",
    "images":"https://i.pinimg.com/736x/d5/14/dc/d514dc5eb9c8fa79490c71ea29f86745.jpg"
  },
  {
    "id":"Hou ~ !",
    "name":"크리스티아누 호날두",
    "images":"https://i.pinimg.com/564x/3c/66/ad/3c66add73a13275532ac305eab3e6ede.jpg"
  },
  {
    "id":"인스타 맞팔 가능하니 ..?",
    "name":"김민재",
    "images":"https://i.pinimg.com/736x/1d/3c/a2/1d3ca2db092f477cd43ab89731123457.jpg"
  },
  {
    "id":"벨기에로 귀화할래 ..?",
    "name":"데 브라이너",
    "images":"https://i.pinimg.com/736x/d5/14/dc/d514dc5eb9c8fa79490c71ea29f86745.jpg"
  }
]