[
  {
    "id":"혹시 축구 알려줄수 있니?",
    "name":"손흥민",
    "images":"https://i.pinimg.com/564x/88/9d/6d/889d6d94c84599e7d3f9f526fdecb1f8.jpg"
  },
  {
    "id":"나랑 축구 한 번만 하자",
    "name":"리오넬 메시",
    "images":"https://i.pinimg.com/564x/25/99/64/259964cfd5b38f67cfb41ddcaf0f2b04.jpg"
  },
  {
    "id":"축구 잘하는 비법좀 알려주라",
    "name":"홀란드",
    "images":"https://i.pinimg.com/564x/43/0a/34/430a34540d226cef9d2a1e4970d91cb0.jpg"
  },
  {
    "id":"밥사주세요!",
    "name":"뉴진스",
    "images":"https://i.pinimg.com/564x/30/66/7f/30667f22a4de34263c1765cf6423c86c.jpg"
  },
  {
    "id":"Siu ~ ~ ~ ~ !",
    "name":"크리스티아누 호날두",
    "images":"https://i.pinimg.com/564x/3c/66/ad/3c66add73a13275532ac305eab3e6ede.jpg"
  },
  {
    "id":"인스타 맞팔 가능하니 ..?",
    "name":"김민재",
    "images":"https://i.pinimg.com/736x/1d/3c/a2/1d3ca2db092f477cd43ab89731123457.jpg"
  },
  {
    "id":"맨시티 올래 ?",
    "name":"데 브라이너",
    "images":"https://i.pinimg.com/564x/87/e2/f0/87e2f0e3ab3a2f719da1ee3db638d71e.jpg"
  },
  {
    "id":"Hou ~ !",
    "name":"고양이",
    "images":"https://i.pinimg.com/564x/df/6c/a2/df6ca26f3aa63f4adfff3877cf9d4118.jpg"
  },
  {
    "id":"뉴진스 공연보러 와줘",
    "name":"민지",
    "images":"https://i.pinimg.com/736x/1d/3c/a2/1d3ca2db092f477cd43ab89731123457.jpg"
  },
  {
    "id":"벨기에로 귀화할래 ..?",
    "name":"아자르",
    "images":"https://i.pinimg.com/564x/ad/70/ed/ad70edc06fd73727ec31509215789fcd.jpg"
  }
]